CREATE TABLE KhachHang(
	MaKH int NOT NULL PRIMARY KEY,
	HoTen nvarchar(32) NOT NULL,
	DiaChi nvarchar(32) NOT NULL,
	SoDT char(10) NOT NULL,
	NgSinh date NOT NULL,
	DoanhSo money NOT NULL,
	NgDK date NOT NULL
);

CREATE TABLE NhanVien(
	MaNV int NOT NULL PRIMARY KEY,
	HoTen nvarchar(32) NOT NULL,
	SoDT char(10) NOT NULL,
	NgVaoLam date NOT NULL
);

CREATE TABLE SanPham(
	MaSP int NOT NULL PRIMARY KEY,
	TenSP nvarchar(32) NOT NULL,
	DVT char(20) NOT NULL,
	NuocSX nvarchar(32) NOT NULL,
	Gia money NOT NULL DEFAULT 0
);

CREATE TABLE HoaDon(
	SoHD int NOT NULL PRIMARY KEY,
	NgHD date NOT NULL DEFAULT  GETDATE(),
	MaKH int NOT NULL FOREIGN KEY REFERENCES KhachHang(MaKH),
	MaNV int NOT NULL FOREIGN KEY REFERENCES NhanVien(MaNV),
	TriGia money NOT NULL
);

CREATE TABLE CTHD(
	SoHD int NOT NULL FOREIGN KEY REFERENCES HoaDon(SoHD),
	MaSP int NOT NULL FOREIGN KEY REFERENCES SanPham(MaSP),
	SL int NOT NULL DEFAULT 0,
	PRIMARY KEY (SoHD, MASP)
);

DELETE FROM CTHD;
DELETE FROM HoaDon;
DELETE FROM SanPham;
DELETE FROM NhanVien;
DELETE FROM KhachHang;

INSERT INTO KhachHang (MaKH, HoTen, DiaChi, SoDT, NgSinh, DoanhSo, NgDK) VALUES (1, 'VietPM5', 'NDC', '1234567890', GETDATE(), 1000, GETDATE());
INSERT INTO KhachHang (MaKH, HoTen, DiaChi, SoDT, NgSinh, DoanhSo, NgDK) VALUES (2, 'VietPM6', 'NCD', '1234567890', GETDATE(), 1000, GETDATE());
INSERT INTO KhachHang (MaKH, HoTen, DiaChi, SoDT, NgSinh, DoanhSo, NgDK) VALUES (3, 'VietPM7', 'CDN', '1234567890', GETDATE(), 1000, GETDATE());

SELECT * FROM KhachHang;

INSERT INTO NhanVien (MaNV, HoTen, SoDT, NgVaoLam) VALUES (1, 'NVVietPM5', '1234567890', GETDATE());
INSERT INTO NhanVien (MaNV, HoTen, SoDT, NgVaoLam) VALUES (2, 'NVVietPM6', '1234567890', GETDATE());
INSERT INTO NhanVien (MaNV, HoTen, SoDT, NgVaoLam) VALUES (3, 'NVVietPM7', '1234567890', GETDATE());

SELECT * FROM NhanVien;

INSERT INTO SanPham (MaSP, TenSP, DVT, NuocSX, Gia) VALUES (1, 'Product1', 'block', 'Viet Nam', 20000);
INSERT INTO SanPham (MaSP, TenSP, DVT, NuocSX, Gia) VALUES (2, 'Product2', 'block', 'Dai Loan', 20000);
INSERT INTO SanPham (MaSP, TenSP, DVT, NuocSX, Gia) VALUES (3, 'Product3', 'block', 'Nhat Ban', 20000);

SELECT * FROM SanPham;

INSERT INTO HoaDon (SoHD, NgHD, MaKH, MaNV, TriGia) VALUES (1, '2023-05-23', 1, 1, 20000);
INSERT INTO HoaDon (SoHD, NgHD, MaKH, MaNV, TriGia) VALUES (2, '2023-05-23', 2, 3, 20000);
INSERT INTO HoaDon (SoHD, NgHD, MaKH, MaNV, TriGia) VALUES (3, '2023-05-23', 1, 3, 20000);

SELECT * FROM HoaDon;

INSERT INTO CTHD (SoHD, MaSP, SL) VALUES (1, 1, 100);
INSERT INTO CTHD (SoHD, MaSP, SL) VALUES (1, 2, 100);
INSERT INTO CTHD (SoHD, MaSP, SL) VALUES (2, 1, 100);

SELECT * FROM CTHD;

--BAI LAM O DAY

SELECT sp.MaSP, sp.TenSP FROM SanPham sp 
JOIN CTHD ct ON sp.MaSP = ct.MaSP 
JOIN HoaDon hd ON ct.SoHD = hd.SoHD 
WHERE sp.NuocSX = 'Viet Nam' OR hd.NgHD = '2023-05-23';

SELECT sp.MaSP, sp.TenSP FROM SanPham sp 
LEFT JOIN CTHD ct ON sp.MaSP = ct.MaSP 
WHERE ct.SoHD IS NULL;

SELECT COUNT(sp.NuocSX) AS SLHoaDonVN FROM SanPham sp 
JOIN CTHD ct on sp.MaSP = ct.MaSP 
JOIN HoaDon hd ON ct.SoHD = hd.SoHD 
GROUP BY sp.NuocSX 
HAVING sp.NuocSX = 'Viet Nam';
